ID,Waypoint,Latitude,Longitude
WADDYPPH10,WADD,S 08 44.8,E 115 10.2
WADDYPPH10,08S115E,S 08 44.9,E 115 09.2
WADDYPPH10,ASOTO,S 08 44.9,E 114 58.8
WADDYPPH10,SULUD,S 08 53.6,E 114 58.8
WADDYPPH10,SUNTU,S 08 53.8,E 115 17.0
WADDYPPH10,MAGIK,S 08 53.9,E 115 48.6
WADDYPPH10,KIGOP,S 09 39.3,E 115 50.2
WADDYPPH10,MURAI,S 10 36.4,E 115 40.8
WADDYPPH10,LIPRA,S 11 10.3,E 115 50.3
WADDYPPH10,EGATU,S 12 00.0,E 116 05.6
WADDYPPH10,VEDKI,S 14 47.7,E 116 19.2
WADDYPPH10,MAPTU,S 15 20.1,E 116 21.9
WADDYPPH10,OSOTO,S 18 07.3,E 116 35.9
WADDYPPH10,MUNNI,S 21 12.6,E 116 52.0
WADDYPPH10,GUTLI,S 24 06.6,E 116 47.8
WADDYPPH10,BANKS,S 25 01.2,E 116 46.5
WADDYPPH10,IGASO,S 26 38.3,E 116 44.1
WADDYPPH10,PALTI,S 27 51.1,E 116 42.2
WADDYPPH10,OTGOM,S 28 20.0,E 116 41.5
WADDYPPH10,TOPIR,S 29 11.0,E 116 40.1
WADDYPPH10,AVPAL,S 30 33.2,E 116 37.9
WADDYPPH10,HINDS,S 30 47.7,E 116 32.3
WADDYPPH10,CALIG,S 31 02.0,E 116 26.7
WADDYPPH10,JULIM,S 31 25.0,E 116 17.6
WADDYPPH10,YIREE,S 31 38.6,E 116 08.9
WADDYPPH10,WOORA,S 31 45.2,E 116 04.7
WADDYPPH10,HERNE,S 31 49.8,E 116 03.7
WADDYPPH10,GUNGN,S 31 58.2,E 116 08.0
WADDYPPH10,PUDUS,S 32 04.3,E 116 10.7
WADDYPPH10,TEREM,S 32 08.1,E 116 09.7
WADDYPPH10,MESAM,S 32 11.8,E 116 08.7
WADDYPPH10,WUNGO,S 32 11.9,E 116 01.7
WADDYPPH10,HARMN,S 32 10.2,E 115 53.9
WADDYPPH10,BIBRA,S 32 06.6,E 115 48.6
WADDYPPH10,LENNY,S 32 00.4,E 115 47.8
WADDYPPH10,YPPH,S 31 56.4,E 115 58.0
,,,
YPPHWADD10,YPPH,S 31 56.4,E 115 58.0
YPPHWADD10,IGLUT,S 21 56.5,E 115 34.5
YPPHWADD10,31S115E,S 31 57.5,E 115 57.5
YPPHWADD10,OPOSA,S 18 52.2,E 115 24.0
YPPHWADD10,AVBAD,S 32 01.7,E 115 56.4
YPPHWADD10,AUSGA,S 15 02.5,E 115 11.4
YPPHWADD10,TUVBA,S 32 00.8,E 115 49.2
YPPHWADD10,METUM,S 14 08.2,E 115 08.5
YPPHWADD10,ORCHY,S 31 59.7,E 115 40.9
YPPHWADD10,PUPIT,S 12 00.0,E 115 09.0
YPPHWADD10,BINOX,S 31 58.0,E 115 31.4
YPPHWADD10,GIWOT,S 11 15.7,E 115 09.2
YPPHWADD10,AVPES,S 31 55.0,E 115 24.6
YPPHWADD10,JALAK,S 10 40.6,E 115 09.3
YPPHWADD10,HARBY,S 31 43.8,E 115 20.5
YPPHWADD10,GUMKA,S 09 44.1,E 115 09.6
YPPHWADD10,SAKOM,S 31 39.5,E 115 21.1
YPPHWADD10,IDGON,S 09 15.9,E 115 09.7
YPPHWADD10,VENUP,S 31 15.7,E 115 35.5
YPPHWADD10,DAPRU,S 09 03.3,E 115 09.7
YPPHWADD10,AVNEX,S 30 48.7,E 115 51.6
YPPHWADD10,DUDUN,S 09 03.2,E 114 54.6
YPPHWADD10,ESDEG,S 29 12.5,E 116 01.4
YPPHWADD10,KHUTA,S 08 45.3,E 114 54.7
YPPHWADD10,WOLGO,S 27 41.0,E 115 55.5
YPPHWADD10,WADD,S 08 44.8,E 115 10.2
YPPHWADD10,PADRY,S 23 19.9,E 115 39.4
,,,
WADDWATO10,WADD,S 08 44.8,E 115 10.2
WADDWATO10,08S115E,S 08 44.9,E 115 09.2
WADDWATO10,ASOTO,S 08 44.9,E 114 58.8
WADDWATO10,SULUD,S 08 53.6,E 114 58.8
WADDWATO10,SUNTU,S 08 53.8,E 115 17.0
WADDWATO10,MAGIK,S 08 53.9,E 115 48.6
WADDWATO10,SUGEL,S 08 33.1,E 116 16.7
WADDWATO10,MAVPA,S 08 03.9,E 116 23.4
WADDWATO10,TEPOS,S 08 01.7,E 117 03.8
WADDWATO10,NMA,S 08 32.0,E 118 41.5
WADDWATO10,HUMAI,S 08 22.3,E 119 23.6
WADDWATO10,NINIG,S 08 12.0,E 119 48.2
WADDWATO10,MOSVA,S 08 13.3,E 119 53.1
WADDWATO10,WATO,S 08 29.2,E 119 53.3
,,,
WATOWADD10,WATO,S 08 29.2,E 119 53.3
WATOWADD10,ANGSA,S 09 06.4,E 117 04.0
WATOWADD10,08S119E,S 08 28.1,E 119 53.2
WATOWADD10,ARALA,S 09 21.8,E 116 05.4
WATOWADD10,SRAYA,S 08 25.8,E 119 53.3
WATOWADD10,LELES,S 09 18.9,E 115 39.6
WATOWADD10,SBOLO,S 08 22.0,E 119 45.0
WATOWADD10,IDGON,S 09 15.9,E 115 09.7
WATOWADD10,RINCA,S 08 25.6,E 119 38.5
WATOWADD10,DAPRU,S 09 03.3,E 115 09.7
WATOWADD10,TOGEM,S 08 34.0,E 119 23.4
WATOWADD10,DUDUN,S 09 03.2,E 114 54.6
WATOWADD10,NMA,S 08 32.0,E 118 41.5
WATOWADD10,KHUTA,S 08 45.3,E 114 54.7
WATOWADD10,SASAX,S 08 27.4,E 117 29.3
WATOWADD10,WADD,S 08 44.8,E 115 10.2
,,,
WADDWIII10,WADD,S 08 44.8,E 115 10.2
WADDWIII10,KALUT,S 05 57.9,E 110 23.0
WADDWIII10,08S115E,S 08 44.9,E 115 10.9
WADDWIII10,KURUS,S 05 57.7,E 108 28.7
WADDWIII10,MAMAD,S 08 45.0,E 115 27.9
WADDWIII10,IGUNA,S 05 57.7,E 107 59.1
WADDWIII10,IKIMA,S 08 36.4,E 115 27.9
WADDWIII10,SAGAS,S 05 57.7,E 107 39.0
WADDWIII10,SUBNI,S 08 36.5,E 115 14.2
WADDWIII10,UBNUX,S 05 57.7,E 107 19.0
WADDWIII10,TOGAP,S 08 36.1,E 114 26.6
WADDWIII10,DKI,S 05 57.7,E 107 02.1
WADDWIII10,TERUD,S 08 24.3,E 114 21.6
WADDWIII10,ONILI,S 05 57.6,E 106 47.3
WADDWIII10,ODOTI,S 08 05.8,E 114 13.8
WADDWIII10,PAPAF,S 06 02.6,E 106 35.0
WADDWIII10,OKANG,S 07 45.2,E 114 05.1
WADDWIII10,ELKIT,S 06 06.6,E 106 25.2
WADDWIII10,WAWAN,S 06 16.0,E 111 48.9
WADDWIII10,NININ,S 06 10.5,E 106 25.9
WADDWIII10,FARIZ,S 05 52.3,E 111 13.2
WADDWIII10,WIII,S 06 07.4,E 106 39.7
,,,
WIIIWADD10,WIII,S 06 07.4,E 106 39.7
WIIIWADD10,06S106E,S 06 07.2,E 106 38.3
WIIIWADD10,UBNAV,S 06 04.8,E 106 29.1
WIIIWADD10,AJUNA,S 06 00.5,E 106 30.9
WIIIWADD10,RUNOV,S 05 57.8,E 106 50.2
WIIIWADD10,PEBSU,S 06 08.3,E 107 14.9
WIIIWADD10,MUTIA,S 06 27.6,E 108 00.6
WIIIWADD10,CA,S 06 41.9,E 108 33.6
WIIIWADD10,ANY,S 06 58.5,E 110 22.8
WIIIWADD10,BA,S 06 59.6,E 111 25.1
WIIIWADD10,SBR,S 07 22.4,E 112 46.3
WIIIWADD10,MOVMO,S 08 01.3,E 113 53.7
WIIIWADD10,BIGIV,S 08 23.0,E 113 55.4
WIIIWADD10,ASIGI,S 08 44.5,E 114 07.0
WIIIWADD10,GODEV,S 08 54.9,E 114 25.3
WIIIWADD10,SUPES,S 09 03.0,E 114 39.4
WIIIWADD10,GOSAN,S 09 03.2,E 114 59.0
WIIIWADD10,DAPRU,S 09 03.3,E 115 09.7
WIIIWADD10,BASIX,S 09 03.3,E 115 23.8
WIIIWADD10,BENOA,S 08 44.4,E 115 23.9
WIIIWADD10,WADD,S 08 44.8,E 115 10.2
,,,
WADDVTSP10,WADD,S 08 44.8,E 115 10.2
WADDVTSP10,08S115E,S 08 44.9,E 115 10.9
WADDVTSP10,MAMAD,S 08 45.0,E 115 27.9
WADDVTSP10,IKIMA,S 08 36.4,E 115 27.9
WADDVTSP10,SUBNI,S 08 36.5,E 115 14.2
WADDVTSP10,TOGAP,S 08 36.1,E 114 26.6
WADDVTSP10,TERUD,S 08 24.3,E 114 21.6
WADDVTSP10,ODOTI,S 08 05.8,E 114 13.8
WADDVTSP10,OKANG,S 07 45.2,E 114 05.1
WADDVTSP10,UDONO,S 07 00.3,E 113 53.5
WADDVTSP10,RAMPY,S 06 15.0,E 113 20.8
WADDVTSP10,SUMDI,S 04 37.0,E 111 13.8
WADDVTSP10,TAVIP,S 03 57.9,E 110 23.0
WADDVTSP10,RAFIS,S 02 53.6,E 109 08.2
WADDVTSP10,MASRI,S 02 29.3,E 108 40.1
WADDVTSP10,LAKUN,S 02 03.2,E 108 09.9
WADDVTSP10,GUKNO,S 01 22.0,E 107 22.2
WADDVTSP10,SURGA,S 00 37.0,E 106 31.3
WADDVTSP10,ATPOM,N 00 24.4,E 105 21.2
WADDVTSP10,INVUB,N 00 27.8,E 105 15.5
WADDVTSP10,JUNHA,N 00 54.2,E 104 30.9
WADDVTSP10,UNSID,N 01 16.0,E 104 09.9
WADDVTSP10,VTK,N 01 24.9,E 104 01.3
WADDVTSP10,PU20,N 01 45.5,E 103 58.2
WADDVTSP10,VMR,N 02 23.3,E 103 52.3
WADDVTSP10,BIKTA,N 02 43.6,E 103 43.0
WADDVTSP10,PU90,N 02 53.7,E 103 38.5
WADDVTSP10,PADLI,N 03 09.3,E 103 31.6
WADDVTSP10,VPK,N 03 23.3,E 103 25.3
WADDVTSP10,GUNBO,N 04 52.0,E 102 49.9
WADDVTSP10,LASOB,N 05 12.3,E 102 41.9
WADDVTSP10,PALNO,N 05 20.9,E 102 38.4
WADDVTSP10,GUGIT,N 05 32.5,E 102 33.8
WADDVTSP10,VKB,N 06 09.8,E 102 18.9
WADDVTSP10,PASVA,N 06 15.5,E 102 04.5
WADDVTSP10,TAXEB,N 06 46.7,E 100 46.7
WADDVTSP10,HTY,N 06 56.0,E 100 23.3
WADDVTSP10,PADPA,N 07 17.0,E 099 55.5
WADDVTSP10,TRN,N 07 30.5,E 099 37.6
WADDVTSP10,EPGOT,N 07 54.3,E 098 45.9
WADDVTSP10,SP803,N 08 01.9,E 098 31.3
WADDVTSP10,JUVEY,N 07 59.6,E 098 06.7
WADDVTSP10,RAWAI,N 07 59.1,E 098 01.7
WADDVTSP10,KALIM,N 08 05.1,E 098 01.1
WADDVTSP10,VTSP,N 08 06.8,E 098 18.6
,,,
VTSPWADD10,VTSP,N 08 06.8,E 098 18.6
VTSPWADD10,08N098E,N 08 06.8,E 098 18.2
VTSPWADD10,DER27,N 08 06.7,E 098 18.2
VTSPWADD10,SP401,N 07 53.1,E 098 14.4
VTSPWADD10,SP404,N 07 46.7,E 098 30.0
VTSPWADD10,REBED,N 07 43.5,E 098 37.6
VTSPWADD10,NUTGU,N 07 28.0,E 098 50.3
VTSPWADD10,DALAN,N 06 28.1,E 099 39.3
VTSPWADD10,VPL,N 06 21.3,E 099 44.7
VTSPWADD10,RUVTO,N 05 54.3,E 099 53.2
VTSPWADD10,ANGUN,N 05 08.2,E 100 07.6
VTSPWADD10,UDIKO,N 04 53.5,E 100 11.8
VTSPWADD10,OREKA,N 04 18.4,E 100 21.8
VTSPWADD10,NIREN,N 03 30.1,E 100 32.9
VTSPWADD10,VESIS,N 03 04.8,E 100 58.7
VTSPWADD10,MITOS,N 01 58.5,E 102 06.2
VTSPWADD10,SUKRI,N 01 23.1,E 102 59.1
VTSPWADD10,BOBAG,N 01 02.5,E 103 29.9
VTSPWADD10,UXATI,N 00 33.8,E 103 59.5
VTSPWADD10,POSOG,N 00 20.4,E 104 13.4
VTSPWADD10,ANITO,S 00 17.0,E 104 52.0
VTSPWADD10,PKP,S 02 10.0,E 106 08.5
VTSPWADD10,MIMIX,S 03 19.3,E 107 37.3
VTSPWADD10,RUPKA,S 05 28.6,E 110 21.9
VTSPWADD10,SBR,S 07 22.4,E 112 46.3
VTSPWADD10,MOVMO,S 08 01.3,E 113 53.7
VTSPWADD10,BIGIV,S 08 23.0,E 113 55.4
VTSPWADD10,ASIGI,S 08 44.5,E 114 07.0
VTSPWADD10,GODEV,S 08 54.9,E 114 25.3
VTSPWADD10,SUPES,S 09 03.0,E 114 39.4
VTSPWADD10,GOSAN,S 09 03.2,E 114 59.0
VTSPWADD10,DAPRU,S 09 03.3,E 115 09.7
VTSPWADD10,BASIX,S 09 03.3,E 115 23.8
VTSPWADD10,BENOA,S 08 44.4,E 115 23.9
VTSPWADD10,WADD,S 08 44.8,E 115 10.2
VTSPWADD10,VTSP,N 08 06.8,E 098 18.6
VTSPWADD10,08N098E,N 08 06.8,E 098 18.2
VTSPWADD10,DER27,N 08 06.7,E 098 18.2
VTSPWADD10,SP401,N 07 53.1,E 098 14.4
VTSPWADD10,SP404,N 07 46.7,E 098 30.0
VTSPWADD10,REBED,N 07 43.5,E 098 37.6
VTSPWADD10,NUTGU,N 07 28.0,E 098 50.3
VTSPWADD10,DALAN,N 06 28.1,E 099 39.3
VTSPWADD10,VPL,N 06 21.3,E 099 44.7
VTSPWADD10,RUVTO,N 05 54.3,E 099 53.2
VTSPWADD10,ANGUN,N 05 08.2,E 100 07.6
VTSPWADD10,UDIKO,N 04 53.5,E 100 11.8
VTSPWADD10,OREKA,N 04 18.4,E 100 21.8
VTSPWADD10,NIREN,N 03 30.1,E 100 32.9
VTSPWADD10,VESIS,N 03 04.8,E 100 58.7
VTSPWADD10,MITOS,N 01 58.5,E 102 06.2
VTSPWADD10,SUKRI,N 01 23.1,E 102 59.1
VTSPWADD10,BOBAG,N 01 02.5,E 103 29.9
VTSPWADD10,UXATI,N 00 33.8,E 103 59.5
VTSPWADD10,POSOG,N 00 20.4,E 104 13.4
VTSPWADD10,ANITO,S 00 17.0,E 104 52.0
VTSPWADD10,PKP,S 02 10.0,E 106 08.5
VTSPWADD10,MIMIX,S 03 19.3,E 107 37.3
VTSPWADD10,RUPKA,S 05 28.6,E 110 21.9
VTSPWADD10,SBR,S 07 22.4,E 112 46.3
VTSPWADD10,MOVMO,S 08 01.3,E 113 53.7
VTSPWADD10,BIGIV,S 08 23.0,E 113 55.4
VTSPWADD10,ASIGI,S 08 44.5,E 114 07.0
VTSPWADD10,GODEV,S 08 54.9,E 114 25.3
VTSPWADD10,SUPES,S 09 03.0,E 114 39.4
VTSPWADD10,GOSAN,S 09 03.2,E 114 59.0
VTSPWADD10,DAPRU,S 09 03.3,E 115 09.7
VTSPWADD10,BASIX,S 09 03.3,E 115 23.8
VTSPWADD10,BENOA,S 08 44.4,E 115 23.9
VTSPWADD10,WADD,S 08 44.8,E 115 10.2